group,function,value,throughput_num,throughput_type,sample_measured_value,unit,iteration_count
announce-response-to-bytes,,,,,353477.0,ns,60
announce-response-to-bytes,,,,,671839.0,ns,120
announce-response-to-bytes,,,,,1043769.0,ns,180
announce-response-to-bytes,,,,,1387044.0,ns,240
announce-response-to-bytes,,,,,1817564.0,ns,300
announce-response-to-bytes,,,,,2091668.0,ns,360
announce-response-to-bytes,,,,,2412910.0,ns,420
announce-response-to-bytes,,,,,2765877.0,ns,480
announce-response-to-bytes,,,,,3138818.0,ns,540
announce-response-to-bytes,,,,,3405635.0,ns,600
announce-response-to-bytes,,,,,3762510.0,ns,660
announce-response-to-bytes,,,,,4223891.0,ns,720
announce-response-to-bytes,,,,,4500944.0,ns,780
announce-response-to-bytes,,,,,4843678.0,ns,840
announce-response-to-bytes,,,,,5250885.0,ns,900
announce-response-to-bytes,,,,,5554563.0,ns,960
announce-response-to-bytes,,,,,5991116.0,ns,1020
announce-response-to-bytes,,,,,6222664.0,ns,1080
announce-response-to-bytes,,,,,6607356.0,ns,1140
announce-response-to-bytes,,,,,6983522.0,ns,1200
announce-response-to-bytes,,,,,8637887.0,ns,1260
announce-response-to-bytes,,,,,8257978.0,ns,1320
announce-response-to-bytes,,,,,7885038.0,ns,1380
announce-response-to-bytes,,,,,8335095.0,ns,1440
announce-response-to-bytes,,,,,8453124.0,ns,1500
announce-response-to-bytes,,,,,8877779.0,ns,1560
announce-response-to-bytes,,,,,9232114.0,ns,1620
announce-response-to-bytes,,,,,9442849.0,ns,1680
announce-response-to-bytes,,,,,10166530.0,ns,1740
announce-response-to-bytes,,,,,10433222.0,ns,1800
announce-response-to-bytes,,,,,10610175.0,ns,1860
announce-response-to-bytes,,,,,11098298.0,ns,1920
announce-response-to-bytes,,,,,14430476.0,ns,1980
announce-response-to-bytes,,,,,12476277.0,ns,2040
announce-response-to-bytes,,,,,12170643.0,ns,2100
announce-response-to-bytes,,,,,15124300.0,ns,2160
announce-response-to-bytes,,,,,13437874.0,ns,2220
announce-response-to-bytes,,,,,12969128.0,ns,2280
announce-response-to-bytes,,,,,13374407.0,ns,2340
announce-response-to-bytes,,,,,13739441.0,ns,2400
announce-response-to-bytes,,,,,14325178.0,ns,2460
announce-response-to-bytes,,,,,14580725.0,ns,2520
announce-response-to-bytes,,,,,17250927.0,ns,2580
announce-response-to-bytes,,,,,16247807.0,ns,2640
announce-response-to-bytes,,,,,15355145.0,ns,2700
announce-response-to-bytes,,,,,15896458.0,ns,2760
announce-response-to-bytes,,,,,16275307.0,ns,2820
announce-response-to-bytes,,,,,16657808.0,ns,2880
announce-response-to-bytes,,,,,16926589.0,ns,2940
announce-response-to-bytes,,,,,17188926.0,ns,3000
announce-response-to-bytes,,,,,17553302.0,ns,3060
announce-response-to-bytes,,,,,18017365.0,ns,3120
announce-response-to-bytes,,,,,18350516.0,ns,3180
announce-response-to-bytes,,,,,18618363.0,ns,3240
announce-response-to-bytes,,,,,18959740.0,ns,3300
announce-response-to-bytes,,,,,19458262.0,ns,3360
announce-response-to-bytes,,,,,19782865.0,ns,3420
announce-response-to-bytes,,,,,23204104.0,ns,3480
announce-response-to-bytes,,,,,20600613.0,ns,3540
announce-response-to-bytes,,,,,20851087.0,ns,3600
announce-response-to-bytes,,,,,21147790.0,ns,3660
announce-response-to-bytes,,,,,21497480.0,ns,3720
announce-response-to-bytes,,,,,21894629.0,ns,3780
announce-response-to-bytes,,,,,22191943.0,ns,3840
announce-response-to-bytes,,,,,26305230.0,ns,3900
announce-response-to-bytes,,,,,22622414.0,ns,3960
announce-response-to-bytes,,,,,23043038.0,ns,4020
announce-response-to-bytes,,,,,24937566.0,ns,4080
announce-response-to-bytes,,,,,23590074.0,ns,4140
announce-response-to-bytes,,,,,24082522.0,ns,4200
announce-response-to-bytes,,,,,24503129.0,ns,4260
announce-response-to-bytes,,,,,27898991.0,ns,4320
announce-response-to-bytes,,,,,25347663.0,ns,4380
announce-response-to-bytes,,,,,25279202.0,ns,4440
announce-response-to-bytes,,,,,29040732.0,ns,4500
announce-response-to-bytes,,,,,25888104.0,ns,4560
announce-response-to-bytes,,,,,26296051.0,ns,4620
announce-response-to-bytes,,,,,26806933.0,ns,4680
announce-response-to-bytes,,,,,32482311.0,ns,4740
announce-response-to-bytes,,,,,32351207.0,ns,4800
announce-response-to-bytes,,,,,30751181.0,ns,4860
announce-response-to-bytes,,,,,28927226.0,ns,4920
announce-response-to-bytes,,,,,28709346.0,ns,4980
announce-response-to-bytes,,,,,29360592.0,ns,5040
announce-response-to-bytes,,,,,32860228.0,ns,5100
announce-response-to-bytes,,,,,29502673.0,ns,5160
announce-response-to-bytes,,,,,32219011.0,ns,5220
announce-response-to-bytes,,,,,34821885.0,ns,5280
announce-response-to-bytes,,,,,33800622.0,ns,5340
announce-response-to-bytes,,,,,33691953.0,ns,5400
announce-response-to-bytes,,,,,35518131.0,ns,5460
announce-response-to-bytes,,,,,33432340.0,ns,5520
announce-response-to-bytes,,,,,34138684.0,ns,5580
announce-response-to-bytes,,,,,32795340.0,ns,5640
announce-response-to-bytes,,,,,35739999.0,ns,5700
announce-response-to-bytes,,,,,33238758.0,ns,5760
announce-response-to-bytes,,,,,36316533.0,ns,5820
announce-response-to-bytes,,,,,33731463.0,ns,5880
announce-response-to-bytes,,,,,34353777.0,ns,5940
announce-response-to-bytes,,,,,35905258.0,ns,6000
announce-response-to-bytes,,,,,38421003.0,ns,6060
announce-response-to-bytes,,,,,38132903.0,ns,6120
announce-response-to-bytes,,,,,36875710.0,ns,6180
announce-response-to-bytes,,,,,36505413.0,ns,6240
announce-response-to-bytes,,,,,36087596.0,ns,6300
announce-response-to-bytes,,,,,37271903.0,ns,6360
announce-response-to-bytes,,,,,37049958.0,ns,6420
announce-response-to-bytes,,,,,40472064.0,ns,6480
announce-response-to-bytes,,,,,41263730.0,ns,6540
announce-response-to-bytes,,,,,37805192.0,ns,6600
announce-response-to-bytes,,,,,38560967.0,ns,6660
announce-response-to-bytes,,,,,38525118.0,ns,6720
announce-response-to-bytes,,,,,42311399.0,ns,6780
announce-response-to-bytes,,,,,42629719.0,ns,6840
announce-response-to-bytes,,,,,40046757.0,ns,6900
announce-response-to-bytes,,,,,39928551.0,ns,6960
announce-response-to-bytes,,,,,43662024.0,ns,7020
announce-response-to-bytes,,,,,41848673.0,ns,7080
announce-response-to-bytes,,,,,41200469.0,ns,7140
announce-response-to-bytes,,,,,41534287.0,ns,7200
announce-response-to-bytes,,,,,41858123.0,ns,7260
announce-response-to-bytes,,,,,45388067.0,ns,7320
announce-response-to-bytes,,,,,44341923.0,ns,7380
announce-response-to-bytes,,,,,44438842.0,ns,7440
announce-response-to-bytes,,,,,46568539.0,ns,7500
announce-response-to-bytes,,,,,44268013.0,ns,7560
announce-response-to-bytes,,,,,43035579.0,ns,7620
announce-response-to-bytes,,,,,44147832.0,ns,7680
announce-response-to-bytes,,,,,55676747.0,ns,7740
announce-response-to-bytes,,,,,46128532.0,ns,7800
announce-response-to-bytes,,,,,48995123.0,ns,7860
announce-response-to-bytes,,,,,49011107.0,ns,7920
announce-response-to-bytes,,,,,49542556.0,ns,7980
announce-response-to-bytes,,,,,46641470.0,ns,8040
announce-response-to-bytes,,,,,46716072.0,ns,8100
announce-response-to-bytes,,,,,48215559.0,ns,8160
announce-response-to-bytes,,,,,49182187.0,ns,8220
announce-response-to-bytes,,,,,47115008.0,ns,8280
announce-response-to-bytes,,,,,47786180.0,ns,8340
announce-response-to-bytes,,,,,55059536.0,ns,8400
announce-response-to-bytes,,,,,50928893.0,ns,8460
announce-response-to-bytes,,,,,48943719.0,ns,8520
announce-response-to-bytes,,,,,49857201.0,ns,8580
announce-response-to-bytes,,,,,53184689.0,ns,8640
announce-response-to-bytes,,,,,60794127.0,ns,8700
announce-response-to-bytes,,,,,50630441.0,ns,8760
announce-response-to-bytes,,,,,54408127.0,ns,8820
announce-response-to-bytes,,,,,51832713.0,ns,8880
announce-response-to-bytes,,,,,53006034.0,ns,8940
announce-response-to-bytes,,,,,64631314.0,ns,9000
announce-response-to-bytes,,,,,52020623.0,ns,9060
announce-response-to-bytes,,,,,56213004.0,ns,9120
announce-response-to-bytes,,,,,52489138.0,ns,9180
announce-response-to-bytes,,,,,53166450.0,ns,9240
announce-response-to-bytes,,,,,56725165.0,ns,9300
announce-response-to-bytes,,,,,56515953.0,ns,9360
announce-response-to-bytes,,,,,53709942.0,ns,9420
announce-response-to-bytes,,,,,54206409.0,ns,9480
announce-response-to-bytes,,,,,56132382.0,ns,9540
announce-response-to-bytes,,,,,58787885.0,ns,9600
announce-response-to-bytes,,,,,62005408.0,ns,9660
announce-response-to-bytes,,,,,56197378.0,ns,9720
announce-response-to-bytes,,,,,56754534.0,ns,9780
announce-response-to-bytes,,,,,57732334.0,ns,9840
announce-response-to-bytes,,,,,60488688.0,ns,9900
announce-response-to-bytes,,,,,60813225.0,ns,9960
announce-response-to-bytes,,,,,57858522.0,ns,10020
announce-response-to-bytes,,,,,58081463.0,ns,10080
announce-response-to-bytes,,,,,61699888.0,ns,10140
announce-response-to-bytes,,,,,62126469.0,ns,10200
announce-response-to-bytes,,,,,59116459.0,ns,10260
announce-response-to-bytes,,,,,63003805.0,ns,10320
announce-response-to-bytes,,,,,60041341.0,ns,10380
announce-response-to-bytes,,,,,66409481.0,ns,10440
announce-response-to-bytes,,,,,60196749.0,ns,10500
announce-response-to-bytes,,,,,63922988.0,ns,10560
announce-response-to-bytes,,,,,60792574.0,ns,10620
announce-response-to-bytes,,,,,64647668.0,ns,10680
announce-response-to-bytes,,,,,61968715.0,ns,10740
announce-response-to-bytes,,,,,65233419.0,ns,10800
announce-response-to-bytes,,,,,71584918.0,ns,10860
announce-response-to-bytes,,,,,66039537.0,ns,10920
announce-response-to-bytes,,,,,63385630.0,ns,10980
announce-response-to-bytes,,,,,68178873.0,ns,11040
announce-response-to-bytes,,,,,65536982.0,ns,11100
announce-response-to-bytes,,,,,67026550.0,ns,11160
announce-response-to-bytes,,,,,69538573.0,ns,11220
announce-response-to-bytes,,,,,66967027.0,ns,11280
announce-response-to-bytes,,,,,67869989.0,ns,11340
announce-response-to-bytes,,,,,82856095.0,ns,11400
announce-response-to-bytes,,,,,82866466.0,ns,11460
announce-response-to-bytes,,,,,72843625.0,ns,11520
announce-response-to-bytes,,,,,72963878.0,ns,11580
announce-response-to-bytes,,,,,71642696.0,ns,11640
announce-response-to-bytes,,,,,69044029.0,ns,11700
announce-response-to-bytes,,,,,72647288.0,ns,11760
announce-response-to-bytes,,,,,67811715.0,ns,11820
announce-response-to-bytes,,,,,72873251.0,ns,11880
announce-response-to-bytes,,,,,69017873.0,ns,11940
announce-response-to-bytes,,,,,75812336.0,ns,12000
announce-response-to-bytes,,,,,71771513.0,ns,12060
announce-response-to-bytes,,,,,75758429.0,ns,12120
announce-response-to-bytes,,,,,70046417.0,ns,12180
announce-response-to-bytes,,,,,73361092.0,ns,12240
announce-response-to-bytes,,,,,73157993.0,ns,12300
announce-response-to-bytes,,,,,78841560.0,ns,12360
announce-response-to-bytes,,,,,71399961.0,ns,12420
announce-response-to-bytes,,,,,74108353.0,ns,12480
announce-response-to-bytes,,,,,74334975.0,ns,12540
announce-response-to-bytes,,,,,74436359.0,ns,12600
announce-response-to-bytes,,,,,77091056.0,ns,12660
announce-response-to-bytes,,,,,73771256.0,ns,12720
announce-response-to-bytes,,,,,73564834.0,ns,12780
announce-response-to-bytes,,,,,79530338.0,ns,12840
announce-response-to-bytes,,,,,84150804.0,ns,12900
announce-response-to-bytes,,,,,75369968.0,ns,12960
announce-response-to-bytes,,,,,77998120.0,ns,13020
announce-response-to-bytes,,,,,76311466.0,ns,13080
announce-response-to-bytes,,,,,75641518.0,ns,13140
announce-response-to-bytes,,,,,79147069.0,ns,13200
announce-response-to-bytes,,,,,80920147.0,ns,13260
announce-response-to-bytes,,,,,79193771.0,ns,13320
announce-response-to-bytes,,,,,83960644.0,ns,13380
announce-response-to-bytes,,,,,81067454.0,ns,13440
announce-response-to-bytes,,,,,84880079.0,ns,13500
announce-response-to-bytes,,,,,77739006.0,ns,13560
announce-response-to-bytes,,,,,82089795.0,ns,13620
announce-response-to-bytes,,,,,82231275.0,ns,13680
announce-response-to-bytes,,,,,83064916.0,ns,13740
announce-response-to-bytes,,,,,82497784.0,ns,13800
announce-response-to-bytes,,,,,83078740.0,ns,13860
announce-response-to-bytes,,,,,86587154.0,ns,13920
announce-response-to-bytes,,,,,80832370.0,ns,13980
announce-response-to-bytes,,,,,84452136.0,ns,14040
announce-response-to-bytes,,,,,80858264.0,ns,14100
announce-response-to-bytes,,,,,88484934.0,ns,14160
announce-response-to-bytes,,,,,85169320.0,ns,14220
announce-response-to-bytes,,,,,83328677.0,ns,14280
announce-response-to-bytes,,,,,89078676.0,ns,14340
announce-response-to-bytes,,,,,82971370.0,ns,14400
announce-response-to-bytes,,,,,87819952.0,ns,14460
announce-response-to-bytes,,,,,84783546.0,ns,14520
announce-response-to-bytes,,,,,89132177.0,ns,14580
announce-response-to-bytes,,,,,85943628.0,ns,14640
announce-response-to-bytes,,,,,87947035.0,ns,14700
announce-response-to-bytes,,,,,88051952.0,ns,14760
announce-response-to-bytes,,,,,86239807.0,ns,14820
announce-response-to-bytes,,,,,89225024.0,ns,14880
announce-response-to-bytes,,,,,90633440.0,ns,14940
announce-response-to-bytes,,,,,89835662.0,ns,15000
announce-response-to-bytes,,,,,86437593.0,ns,15060
announce-response-to-bytes,,,,,95231827.0,ns,15120
announce-response-to-bytes,,,,,87386235.0,ns,15180
announce-response-to-bytes,,,,,90953717.0,ns,15240
announce-response-to-bytes,,,,,99166999.0,ns,15300
announce-response-to-bytes,,,,,93967708.0,ns,15360
announce-response-to-bytes,,,,,89227799.0,ns,15420
announce-response-to-bytes,,,,,95577648.0,ns,15480
announce-response-to-bytes,,,,,92196890.0,ns,15540
announce-response-to-bytes,,,,,90557507.0,ns,15600
announce-response-to-bytes,,,,,93476159.0,ns,15660
announce-response-to-bytes,,,,,102579136.0,ns,15720
announce-response-to-bytes,,,,,97899948.0,ns,15780
announce-response-to-bytes,,,,,98757931.0,ns,15840
announce-response-to-bytes,,,,,96493485.0,ns,15900
announce-response-to-bytes,,,,,104839437.0,ns,15960
announce-response-to-bytes,,,,,93105475.0,ns,16020
announce-response-to-bytes,,,,,96023558.0,ns,16080
announce-response-to-bytes,,,,,109098464.0,ns,16140
announce-response-to-bytes,,,,,96076451.0,ns,16200
announce-response-to-bytes,,,,,93665090.0,ns,16260
announce-response-to-bytes,,,,,103787277.0,ns,16320
announce-response-to-bytes,,,,,94851510.0,ns,16380
announce-response-to-bytes,,,,,101810430.0,ns,16440
announce-response-to-bytes,,,,,95449054.0,ns,16500
announce-response-to-bytes,,,,,99077967.0,ns,16560
announce-response-to-bytes,,,,,105226577.0,ns,16620
announce-response-to-bytes,,,,,98648289.0,ns,16680
announce-response-to-bytes,,,,,96444291.0,ns,16740
announce-response-to-bytes,,,,,101439485.0,ns,16800
announce-response-to-bytes,,,,,100060710.0,ns,16860
announce-response-to-bytes,,,,,98393281.0,ns,16920
announce-response-to-bytes,,,,,100751746.0,ns,16980
announce-response-to-bytes,,,,,101105000.0,ns,17040
announce-response-to-bytes,,,,,102050246.0,ns,17100
announce-response-to-bytes,,,,,98735599.0,ns,17160
announce-response-to-bytes,,,,,104729218.0,ns,17220
announce-response-to-bytes,,,,,101191327.0,ns,17280
announce-response-to-bytes,,,,,99354741.0,ns,17340
announce-response-to-bytes,,,,,103109972.0,ns,17400
announce-response-to-bytes,,,,,106228511.0,ns,17460
announce-response-to-bytes,,,,,104629383.0,ns,17520
announce-response-to-bytes,,,,,104352162.0,ns,17580
announce-response-to-bytes,,,,,108720711.0,ns,17640
announce-response-to-bytes,,,,,105524991.0,ns,17700
announce-response-to-bytes,,,,,111982358.0,ns,17760
announce-response-to-bytes,,,,,108853889.0,ns,17820
announce-response-to-bytes,,,,,106385675.0,ns,17880
announce-response-to-bytes,,,,,109944044.0,ns,17940
announce-response-to-bytes,,,,,106491227.0,ns,18000
announce-response-to-bytes,,,,,107169087.0,ns,18060
announce-response-to-bytes,,,,,103402650.0,ns,18120
announce-response-to-bytes,,,,,105528215.0,ns,18180
announce-response-to-bytes,,,,,106408989.0,ns,18240
announce-response-to-bytes,,,,,118011891.0,ns,18300
announce-response-to-bytes,,,,,108615001.0,ns,18360
announce-response-to-bytes,,,,,108163576.0,ns,18420
announce-response-to-bytes,,,,,115425723.0,ns,18480
announce-response-to-bytes,,,,,106457390.0,ns,18540
announce-response-to-bytes,,,,,112654377.0,ns,18600
announce-response-to-bytes,,,,,114332495.0,ns,18660
announce-response-to-bytes,,,,,115722798.0,ns,18720
announce-response-to-bytes,,,,,113319709.0,ns,18780
announce-response-to-bytes,,,,,112467215.0,ns,18840
announce-response-to-bytes,,,,,131530065.0,ns,18900
announce-response-to-bytes,,,,,112779834.0,ns,18960
announce-response-to-bytes,,,,,113133784.0,ns,19020
announce-response-to-bytes,,,,,116680560.0,ns,19080
announce-response-to-bytes,,,,,120117889.0,ns,19140
announce-response-to-bytes,,,,,114154506.0,ns,19200
announce-response-to-bytes,,,,,116600877.0,ns,19260
announce-response-to-bytes,,,,,111499012.0,ns,19320
announce-response-to-bytes,,,,,115148520.0,ns,19380
announce-response-to-bytes,,,,,119519846.0,ns,19440
announce-response-to-bytes,,,,,121352443.0,ns,19500
announce-response-to-bytes,,,,,116141216.0,ns,19560
announce-response-to-bytes,,,,,120118044.0,ns,19620
announce-response-to-bytes,,,,,117208814.0,ns,19680
announce-response-to-bytes,,,,,118901147.0,ns,19740
announce-response-to-bytes,,,,,118241424.0,ns,19800
announce-response-to-bytes,,,,,117654664.0,ns,19860
announce-response-to-bytes,,,,,116226405.0,ns,19920
announce-response-to-bytes,,,,,116840915.0,ns,19980
announce-response-to-bytes,,,,,122639608.0,ns,20040
announce-response-to-bytes,,,,,119442677.0,ns,20100
announce-response-to-bytes,,,,,122998235.0,ns,20160
announce-response-to-bytes,,,,,116123143.0,ns,20220
announce-response-to-bytes,,,,,116872198.0,ns,20280
announce-response-to-bytes,,,,,138102237.0,ns,20340
announce-response-to-bytes,,,,,128437710.0,ns,20400
announce-response-to-bytes,,,,,121137265.0,ns,20460
announce-response-to-bytes,,,,,126880043.0,ns,20520
announce-response-to-bytes,,,,,122836585.0,ns,20580
announce-response-to-bytes,,,,,216570089.0,ns,20640
announce-response-to-bytes,,,,,141742390.0,ns,20700
announce-response-to-bytes,,,,,128668059.0,ns,20760
announce-response-to-bytes,,,,,130583224.0,ns,20820
announce-response-to-bytes,,,,,123696240.0,ns,20880
announce-response-to-bytes,,,,,130653847.0,ns,20940
announce-response-to-bytes,,,,,123301000.0,ns,21000
announce-response-to-bytes,,,,,124609971.0,ns,21060
announce-response-to-bytes,,,,,132437379.0,ns,21120
announce-response-to-bytes,,,,,128333900.0,ns,21180
announce-response-to-bytes,,,,,125820573.0,ns,21240
announce-response-to-bytes,,,,,132504190.0,ns,21300
announce-response-to-bytes,,,,,132424433.0,ns,21360
announce-response-to-bytes,,,,,129169050.0,ns,21420
announce-response-to-bytes,,,,,130513574.0,ns,21480
announce-response-to-bytes,,,,,128951601.0,ns,21540
announce-response-to-bytes,,,,,128100399.0,ns,21600
announce-response-to-bytes,,,,,127990454.0,ns,21660
announce-response-to-bytes,,,,,137819400.0,ns,21720
announce-response-to-bytes,,,,,144746386.0,ns,21780
announce-response-to-bytes,,,,,216431912.0,ns,21840
announce-response-to-bytes,,,,,150020152.0,ns,21900
announce-response-to-bytes,,,,,135441027.0,ns,21960
announce-response-to-bytes,,,,,130994307.0,ns,22020
announce-response-to-bytes,,,,,133180497.0,ns,22080
announce-response-to-bytes,,,,,127115197.0,ns,22140
announce-response-to-bytes,,,,,131512985.0,ns,22200
announce-response-to-bytes,,,,,129470937.0,ns,22260
announce-response-to-bytes,,,,,132878166.0,ns,22320
announce-response-to-bytes,,,,,138877962.0,ns,22380
announce-response-to-bytes,,,,,134822962.0,ns,22440
announce-response-to-bytes,,,,,129266707.0,ns,22500
announce-response-to-bytes,,,,,132254185.0,ns,22560
announce-response-to-bytes,,,,,133606223.0,ns,22620
announce-response-to-bytes,,,,,136628818.0,ns,22680
announce-response-to-bytes,,,,,135017238.0,ns,22740
announce-response-to-bytes,,,,,134922705.0,ns,22800
announce-response-to-bytes,,,,,131398549.0,ns,22860
announce-response-to-bytes,,,,,136184490.0,ns,22920
announce-response-to-bytes,,,,,136662292.0,ns,22980
announce-response-to-bytes,,,,,139084616.0,ns,23040
announce-response-to-bytes,,,,,142374414.0,ns,23100
announce-response-to-bytes,,,,,139672055.0,ns,23160
announce-response-to-bytes,,,,,139665680.0,ns,23220
announce-response-to-bytes,,,,,140454153.0,ns,23280
announce-response-to-bytes,,,,,134045293.0,ns,23340
announce-response-to-bytes,,,,,143119691.0,ns,23400
announce-response-to-bytes,,,,,144157458.0,ns,23460
announce-response-to-bytes,,,,,142513360.0,ns,23520
announce-response-to-bytes,,,,,145299170.0,ns,23580
announce-response-to-bytes,,,,,145304718.0,ns,23640
announce-response-to-bytes,,,,,143137147.0,ns,23700
announce-response-to-bytes,,,,,150700164.0,ns,23760
announce-response-to-bytes,,,,,143088363.0,ns,23820
announce-response-to-bytes,,,,,140659241.0,ns,23880
announce-response-to-bytes,,,,,151175740.0,ns,23940
announce-response-to-bytes,,,,,149559608.0,ns,24000
announce-response-to-bytes,,,,,141507307.0,ns,24060
announce-response-to-bytes,,,,,142098061.0,ns,24120
announce-response-to-bytes,,,,,142306098.0,ns,24180
announce-response-to-bytes,,,,,145560035.0,ns,24240
announce-response-to-bytes,,,,,145551983.0,ns,24300
announce-response-to-bytes,,,,,154656278.0,ns,24360
announce-response-to-bytes,,,,,146982431.0,ns,24420
announce-response-to-bytes,,,,,149980678.0,ns,24480
announce-response-to-bytes,,,,,149811257.0,ns,24540
announce-response-to-bytes,,,,,144410416.0,ns,24600
announce-response-to-bytes,,,,,145107309.0,ns,24660
announce-response-to-bytes,,,,,148069434.0,ns,24720
announce-response-to-bytes,,,,,147743674.0,ns,24780
announce-response-to-bytes,,,,,158591021.0,ns,24840
announce-response-to-bytes,,,,,153804335.0,ns,24900
announce-response-to-bytes,,,,,151333913.0,ns,24960
announce-response-to-bytes,,,,,147205551.0,ns,25020
announce-response-to-bytes,,,,,151011082.0,ns,25080
announce-response-to-bytes,,,,,150994405.0,ns,25140
announce-response-to-bytes,,,,,151583075.0,ns,25200
announce-response-to-bytes,,,,,150962534.0,ns,25260
announce-response-to-bytes,,,,,158942748.0,ns,25320
announce-response-to-bytes,,,,,153943407.0,ns,25380
announce-response-to-bytes,,,,,152188911.0,ns,25440
announce-response-to-bytes,,,,,157514396.0,ns,25500
announce-response-to-bytes,,,,,155180550.0,ns,25560
announce-response-to-bytes,,,,,152504791.0,ns,25620
announce-response-to-bytes,,,,,160079543.0,ns,25680
announce-response-to-bytes,,,,,151453512.0,ns,25740
announce-response-to-bytes,,,,,151384295.0,ns,25800
announce-response-to-bytes,,,,,156963082.0,ns,25860
announce-response-to-bytes,,,,,150828531.0,ns,25920
announce-response-to-bytes,,,,,157597601.0,ns,25980
announce-response-to-bytes,,,,,158605060.0,ns,26040
announce-response-to-bytes,,,,,154264234.0,ns,26100
announce-response-to-bytes,,,,,157418039.0,ns,26160
announce-response-to-bytes,,,,,157380542.0,ns,26220
announce-response-to-bytes,,,,,154039954.0,ns,26280
announce-response-to-bytes,,,,,155847797.0,ns,26340
announce-response-to-bytes,,,,,159540498.0,ns,26400
announce-response-to-bytes,,,,,158636199.0,ns,26460
announce-response-to-bytes,,,,,162123392.0,ns,26520
announce-response-to-bytes,,,,,160133693.0,ns,26580
announce-response-to-bytes,,,,,167252226.0,ns,26640
announce-response-to-bytes,,,,,157875477.0,ns,26700
announce-response-to-bytes,,,,,160387414.0,ns,26760
announce-response-to-bytes,,,,,159725786.0,ns,26820
announce-response-to-bytes,,,,,159519574.0,ns,26880
announce-response-to-bytes,,,,,159144790.0,ns,26940
announce-response-to-bytes,,,,,159724882.0,ns,27000
announce-response-to-bytes,,,,,159626097.0,ns,27060
announce-response-to-bytes,,,,,167716074.0,ns,27120
announce-response-to-bytes,,,,,165325796.0,ns,27180
announce-response-to-bytes,,,,,159454651.0,ns,27240
announce-response-to-bytes,,,,,166192327.0,ns,27300
announce-response-to-bytes,,,,,164141388.0,ns,27360
announce-response-to-bytes,,,,,159827333.0,ns,27420
announce-response-to-bytes,,,,,159281575.0,ns,27480
announce-response-to-bytes,,,,,161338829.0,ns,27540
announce-response-to-bytes,,,,,201312225.0,ns,27600
announce-response-to-bytes,,,,,173052547.0,ns,27660
announce-response-to-bytes,,,,,174872126.0,ns,27720
announce-response-to-bytes,,,,,162826556.0,ns,27780
announce-response-to-bytes,,,,,166301823.0,ns,27840
announce-response-to-bytes,,,,,172216250.0,ns,27900
announce-response-to-bytes,,,,,164447879.0,ns,27960
announce-response-to-bytes,,,,,165765095.0,ns,28020
announce-response-to-bytes,,,,,165112499.0,ns,28080
announce-response-to-bytes,,,,,172573539.0,ns,28140
announce-response-to-bytes,,,,,168652965.0,ns,28200
announce-response-to-bytes,,,,,195098828.0,ns,28260
announce-response-to-bytes,,,,,182327486.0,ns,28320
announce-response-to-bytes,,,,,170434022.0,ns,28380
announce-response-to-bytes,,,,,169223601.0,ns,28440
announce-response-to-bytes,,,,,162751851.0,ns,28500
announce-response-to-bytes,,,,,179716421.0,ns,28560
announce-response-to-bytes,,,,,171936500.0,ns,28620
announce-response-to-bytes,,,,,168791350.0,ns,28680
announce-response-to-bytes,,,,,172923539.0,ns,28740
announce-response-to-bytes,,,,,173294241.0,ns,28800
announce-response-to-bytes,,,,,178158947.0,ns,28860
announce-response-to-bytes,,,,,170223356.0,ns,28920
announce-response-to-bytes,,,,,174141701.0,ns,28980
announce-response-to-bytes,,,,,181654398.0,ns,29040
announce-response-to-bytes,,,,,173452627.0,ns,29100
announce-response-to-bytes,,,,,176756076.0,ns,29160
announce-response-to-bytes,,,,,173841937.0,ns,29220
announce-response-to-bytes,,,,,182670206.0,ns,29280
announce-response-to-bytes,,,,,182615059.0,ns,29340
announce-response-to-bytes,,,,,183366222.0,ns,29400
announce-response-to-bytes,,,,,176423114.0,ns,29460
announce-response-to-bytes,,,,,179346613.0,ns,29520
announce-response-to-bytes,,,,,179672994.0,ns,29580
announce-response-to-bytes,,,,,187219070.0,ns,29640
announce-response-to-bytes,,,,,182825189.0,ns,29700
announce-response-to-bytes,,,,,175152698.0,ns,29760
announce-response-to-bytes,,,,,178268199.0,ns,29820
announce-response-to-bytes,,,,,174561075.0,ns,29880
announce-response-to-bytes,,,,,174990534.0,ns,29940
announce-response-to-bytes,,,,,177516663.0,ns,30000
announce-response-to-bytes,,,,,181544897.0,ns,30060
announce-response-to-bytes,,,,,176721962.0,ns,30120
announce-response-to-bytes,,,,,180219494.0,ns,30180
announce-response-to-bytes,,,,,180313631.0,ns,30240
announce-response-to-bytes,,,,,186697851.0,ns,30300
announce-response-to-bytes,,,,,183867116.0,ns,30360
announce-response-to-bytes,,,,,178658999.0,ns,30420
announce-response-to-bytes,,,,,185147892.0,ns,30480
announce-response-to-bytes,,,,,178798904.0,ns,30540
announce-response-to-bytes,,,,,182805520.0,ns,30600
announce-response-to-bytes,,,,,185003086.0,ns,30660
announce-response-to-bytes,,,,,186256141.0,ns,30720
announce-response-to-bytes,,,,,191635803.0,ns,30780
announce-response-to-bytes,,,,,183086863.0,ns,30840
announce-response-to-bytes,,,,,184010410.0,ns,30900
announce-response-to-bytes,,,,,178541981.0,ns,30960
announce-response-to-bytes,,,,,183182832.0,ns,31020
announce-response-to-bytes,,,,,186382283.0,ns,31080
announce-response-to-bytes,,,,,190163970.0,ns,31140
announce-response-to-bytes,,,,,189246648.0,ns,31200
announce-response-to-bytes,,,,,189380527.0,ns,31260
announce-response-to-bytes,,,,,188107590.0,ns,31320
announce-response-to-bytes,,,,,186459717.0,ns,31380
announce-response-to-bytes,,,,,190261961.0,ns,31440
announce-response-to-bytes,,,,,182543672.0,ns,31500
announce-response-to-bytes,,,,,187437911.0,ns,31560
announce-response-to-bytes,,,,,295643192.0,ns,31620
announce-response-to-bytes,,,,,189866177.0,ns,31680
announce-response-to-bytes,,,,,187710997.0,ns,31740
announce-response-to-bytes,,,,,190784712.0,ns,31800
announce-response-to-bytes,,,,,188294138.0,ns,31860
announce-response-to-bytes,,,,,197609140.0,ns,31920
announce-response-to-bytes,,,,,191207744.0,ns,31980
announce-response-to-bytes,,,,,194321027.0,ns,32040
announce-response-to-bytes,,,,,191733731.0,ns,32100
announce-response-to-bytes,,,,,185822221.0,ns,32160
announce-response-to-bytes,,,,,200121480.0,ns,32220
announce-response-to-bytes,,,,,188778779.0,ns,32280
announce-response-to-bytes,,,,,189413962.0,ns,32340
announce-response-to-bytes,,,,,230938799.0,ns,32400
announce-response-to-bytes,,,,,190683965.0,ns,32460
announce-response-to-bytes,,,,,195883270.0,ns,32520
announce-response-to-bytes,,,,,193999872.0,ns,32580
announce-response-to-bytes,,,,,201550915.0,ns,32640
announce-response-to-bytes,,,,,198591497.0,ns,32700
announce-response-to-bytes,,,,,197251415.0,ns,32760
announce-response-to-bytes,,,,,192361413.0,ns,32820
announce-response-to-bytes,,,,,192777082.0,ns,32880
announce-response-to-bytes,,,,,203604542.0,ns,32940
announce-response-to-bytes,,,,,195817030.0,ns,33000
announce-response-to-bytes,,,,,198903617.0,ns,33060
announce-response-to-bytes,,,,,203230503.0,ns,33120
announce-response-to-bytes,,,,,191594234.0,ns,33180
announce-response-to-bytes,,,,,202084594.0,ns,33240
announce-response-to-bytes,,,,,204345613.0,ns,33300
announce-response-to-bytes,,,,,196837662.0,ns,33360
announce-response-to-bytes,,,,,197965331.0,ns,33420
announce-response-to-bytes,,,,,202817373.0,ns,33480
announce-response-to-bytes,,,,,209534403.0,ns,33540
announce-response-to-bytes,,,,,200458645.0,ns,33600
announce-response-to-bytes,,,,,205032826.0,ns,33660
announce-response-to-bytes,,,,,198179128.0,ns,33720
announce-response-to-bytes,,,,,197422710.0,ns,33780
announce-response-to-bytes,,,,,201316422.0,ns,33840
announce-response-to-bytes,,,,,205412634.0,ns,33900
announce-response-to-bytes,,,,,201826245.0,ns,33960
announce-response-to-bytes,,,,,199264327.0,ns,34020
announce-response-to-bytes,,,,,206017461.0,ns,34080
announce-response-to-bytes,,,,,208321075.0,ns,34140
announce-response-to-bytes,,,,,205711694.0,ns,34200
announce-response-to-bytes,,,,,207475384.0,ns,34260
announce-response-to-bytes,,,,,202232325.0,ns,34320
announce-response-to-bytes,,,,,201545478.0,ns,34380
announce-response-to-bytes,,,,,202727542.0,ns,34440
announce-response-to-bytes,,,,,205538690.0,ns,34500
announce-response-to-bytes,,,,,217018134.0,ns,34560
announce-response-to-bytes,,,,,210273035.0,ns,34620
announce-response-to-bytes,,,,,208041159.0,ns,34680
announce-response-to-bytes,,,,,207455945.0,ns,34740
announce-response-to-bytes,,,,,207251814.0,ns,34800
announce-response-to-bytes,,,,,209859297.0,ns,34860
announce-response-to-bytes,,,,,209800938.0,ns,34920
announce-response-to-bytes,,,,,205054440.0,ns,34980
announce-response-to-bytes,,,,,205186042.0,ns,35040
announce-response-to-bytes,,,,,206908202.0,ns,35100
announce-response-to-bytes,,,,,250211709.0,ns,35160
announce-response-to-bytes,,,,,207711175.0,ns,35220
announce-response-to-bytes,,,,,213023350.0,ns,35280
announce-response-to-bytes,,,,,213613526.0,ns,35340
announce-response-to-bytes,,,,,212993128.0,ns,35400
announce-response-to-bytes,,,,,214689251.0,ns,35460
announce-response-to-bytes,,,,,210626846.0,ns,35520
announce-response-to-bytes,,,,,213075462.0,ns,35580
announce-response-to-bytes,,,,,211900429.0,ns,35640
announce-response-to-bytes,,,,,210183891.0,ns,35700
announce-response-to-bytes,,,,,217957022.0,ns,35760
announce-response-to-bytes,,,,,221709232.0,ns,35820
announce-response-to-bytes,,,,,219281524.0,ns,35880
announce-response-to-bytes,,,,,215445563.0,ns,35940
announce-response-to-bytes,,,,,236385901.0,ns,36000
announce-response-to-bytes,,,,,223709858.0,ns,36060
announce-response-to-bytes,,,,,221003707.0,ns,36120
announce-response-to-bytes,,,,,211281157.0,ns,36180
announce-response-to-bytes,,,,,214120029.0,ns,36240
announce-response-to-bytes,,,,,215784498.0,ns,36300
announce-response-to-bytes,,,,,220203496.0,ns,36360
announce-response-to-bytes,,,,,227515929.0,ns,36420
announce-response-to-bytes,,,,,211449430.0,ns,36480
announce-response-to-bytes,,,,,222240876.0,ns,36540
announce-response-to-bytes,,,,,219946447.0,ns,36600
announce-response-to-bytes,,,,,217701524.0,ns,36660
announce-response-to-bytes,,,,,217260772.0,ns,36720
announce-response-to-bytes,,,,,221257631.0,ns,36780
announce-response-to-bytes,,,,,228530271.0,ns,36840
announce-response-to-bytes,,,,,222466784.0,ns,36900
announce-response-to-bytes,,,,,215783231.0,ns,36960
announce-response-to-bytes,,,,,224538305.0,ns,37020
announce-response-to-bytes,,,,,228788087.0,ns,37080
announce-response-to-bytes,,,,,222543752.0,ns,37140
announce-response-to-bytes,,,,,235717001.0,ns,37200
announce-response-to-bytes,,,,,217727435.0,ns,37260
announce-response-to-bytes,,,,,218742676.0,ns,37320
announce-response-to-bytes,,,,,218327248.0,ns,37380
announce-response-to-bytes,,,,,253768428.0,ns,37440
announce-response-to-bytes,,,,,224585715.0,ns,37500
announce-response-to-bytes,,,,,322646119.0,ns,37560
announce-response-to-bytes,,,,,236805536.0,ns,37620
announce-response-to-bytes,,,,,220951586.0,ns,37680
announce-response-to-bytes,,,,,229392071.0,ns,37740
announce-response-to-bytes,,,,,227137335.0,ns,37800
announce-response-to-bytes,,,,,227661592.0,ns,37860
announce-response-to-bytes,,,,,257438175.0,ns,37920
announce-response-to-bytes,,,,,224997497.0,ns,37980
announce-response-to-bytes,,,,,231055413.0,ns,38040
announce-response-to-bytes,,,,,243283033.0,ns,38100
announce-response-to-bytes,,,,,225608551.0,ns,38160
announce-response-to-bytes,,,,,230858718.0,ns,38220
announce-response-to-bytes,,,,,236236544.0,ns,38280
announce-response-to-bytes,,,,,247652247.0,ns,38340
announce-response-to-bytes,,,,,228653425.0,ns,38400
announce-response-to-bytes,,,,,227498067.0,ns,38460
announce-response-to-bytes,,,,,221423660.0,ns,38520
announce-response-to-bytes,,,,,229075019.0,ns,38580
announce-response-to-bytes,,,,,232666354.0,ns,38640
announce-response-to-bytes,,,,,228996472.0,ns,38700
announce-response-to-bytes,,,,,244834606.0,ns,38760
announce-response-to-bytes,,,,,233992244.0,ns,38820
announce-response-to-bytes,,,,,222921409.0,ns,38880
announce-response-to-bytes,,,,,225773687.0,ns,38940
announce-response-to-bytes,,,,,227002461.0,ns,39000
announce-response-to-bytes,,,,,237459910.0,ns,39060
announce-response-to-bytes,,,,,236495788.0,ns,39120
announce-response-to-bytes,,,,,231470987.0,ns,39180
announce-response-to-bytes,,,,,239653523.0,ns,39240
announce-response-to-bytes,,,,,233924817.0,ns,39300
announce-response-to-bytes,,,,,235958944.0,ns,39360
announce-response-to-bytes,,,,,234033523.0,ns,39420
announce-response-to-bytes,,,,,243227066.0,ns,39480
announce-response-to-bytes,,,,,233884565.0,ns,39540
announce-response-to-bytes,,,,,244863425.0,ns,39600
announce-response-to-bytes,,,,,237975552.0,ns,39660
announce-response-to-bytes,,,,,232741349.0,ns,39720
announce-response-to-bytes,,,,,240014376.0,ns,39780
announce-response-to-bytes,,,,,239146388.0,ns,39840
announce-response-to-bytes,,,,,234852762.0,ns,39900
announce-response-to-bytes,,,,,257608891.0,ns,39960
announce-response-to-bytes,,,,,236265551.0,ns,40020
announce-response-to-bytes,,,,,247460522.0,ns,40080
announce-response-to-bytes,,,,,240313882.0,ns,40140
announce-response-to-bytes,,,,,239048596.0,ns,40200
announce-response-to-bytes,,,,,242063447.0,ns,40260
announce-response-to-bytes,,,,,231511769.0,ns,40320
announce-response-to-bytes,,,,,232216223.0,ns,40380
announce-response-to-bytes,,,,,245886303.0,ns,40440
announce-response-to-bytes,,,,,250613484.0,ns,40500
announce-response-to-bytes,,,,,237017839.0,ns,40560
announce-response-to-bytes,,,,,251563100.0,ns,40620
announce-response-to-bytes,,,,,238530772.0,ns,40680
announce-response-to-bytes,,,,,236810668.0,ns,40740
announce-response-to-bytes,,,,,253812434.0,ns,40800
announce-response-to-bytes,,,,,241830203.0,ns,40860
announce-response-to-bytes,,,,,246490586.0,ns,40920
announce-response-to-bytes,,,,,241384498.0,ns,40980
announce-response-to-bytes,,,,,249185798.0,ns,41040
announce-response-to-bytes,,,,,244845846.0,ns,41100
announce-response-to-bytes,,,,,247865640.0,ns,41160
announce-response-to-bytes,,,,,243400028.0,ns,41220
announce-response-to-bytes,,,,,245408891.0,ns,41280
announce-response-to-bytes,,,,,246362124.0,ns,41340
announce-response-to-bytes,,,,,248266087.0,ns,41400
announce-response-to-bytes,,,,,238807274.0,ns,41460
announce-response-to-bytes,,,,,253736956.0,ns,41520
announce-response-to-bytes,,,,,238456260.0,ns,41580
announce-response-to-bytes,,,,,253284697.0,ns,41640
announce-response-to-bytes,,,,,240780177.0,ns,41700
announce-response-to-bytes,,,,,243780800.0,ns,41760
announce-response-to-bytes,,,,,261015261.0,ns,41820
announce-response-to-bytes,,,,,264633730.0,ns,41880
announce-response-to-bytes,,,,,253476753.0,ns,41940
announce-response-to-bytes,,,,,249523924.0,ns,42000
announce-response-to-bytes,,,,,247720589.0,ns,42060
announce-response-to-bytes,,,,,242037092.0,ns,42120
announce-response-to-bytes,,,,,280041661.0,ns,42180
announce-response-to-bytes,,,,,254767480.0,ns,42240
announce-response-to-bytes,,,,,253020123.0,ns,42300
announce-response-to-bytes,,,,,250126273.0,ns,42360
announce-response-to-bytes,,,,,268141541.0,ns,42420
announce-response-to-bytes,,,,,252241167.0,ns,42480
announce-response-to-bytes,,,,,260026538.0,ns,42540
announce-response-to-bytes,,,,,246449612.0,ns,42600
announce-response-to-bytes,,,,,253117221.0,ns,42660
announce-response-to-bytes,,,,,257987408.0,ns,42720
announce-response-to-bytes,,,,,260326828.0,ns,42780
announce-response-to-bytes,,,,,254904127.0,ns,42840
announce-response-to-bytes,,,,,253636375.0,ns,42900
announce-response-to-bytes,,,,,257664625.0,ns,42960
announce-response-to-bytes,,,,,256506942.0,ns,43020
announce-response-to-bytes,,,,,253883956.0,ns,43080
announce-response-to-bytes,,,,,259280149.0,ns,43140
announce-response-to-bytes,,,,,260617047.0,ns,43200
announce-response-to-bytes,,,,,257393607.0,ns,43260
announce-response-to-bytes,,,,,260101462.0,ns,43320
announce-response-to-bytes,,,,,256769317.0,ns,43380
announce-response-to-bytes,,,,,343173643.0,ns,43440
announce-response-to-bytes,,,,,290846207.0,ns,43500
announce-response-to-bytes,,,,,254576878.0,ns,43560
announce-response-to-bytes,,,,,259426287.0,ns,43620
announce-response-to-bytes,,,,,259803576.0,ns,43680
announce-response-to-bytes,,,,,254732236.0,ns,43740
announce-response-to-bytes,,,,,263534559.0,ns,43800
announce-response-to-bytes,,,,,259862273.0,ns,43860
announce-response-to-bytes,,,,,271727114.0,ns,43920
announce-response-to-bytes,,,,,260930077.0,ns,43980
announce-response-to-bytes,,,,,260480994.0,ns,44040
announce-response-to-bytes,,,,,268190804.0,ns,44100
announce-response-to-bytes,,,,,275163278.0,ns,44160
announce-response-to-bytes,,,,,257189788.0,ns,44220
announce-response-to-bytes,,,,,274760615.0,ns,44280
announce-response-to-bytes,,,,,263715932.0,ns,44340
announce-response-to-bytes,,,,,263169339.0,ns,44400
announce-response-to-bytes,,,,,269287474.0,ns,44460
announce-response-to-bytes,,,,,261974850.0,ns,44520
announce-response-to-bytes,,,,,269456011.0,ns,44580
announce-response-to-bytes,,,,,277933640.0,ns,44640
announce-response-to-bytes,,,,,269086752.0,ns,44700
announce-response-to-bytes,,,,,271987948.0,ns,44760
announce-response-to-bytes,,,,,283330636.0,ns,44820
announce-response-to-bytes,,,,,289518650.0,ns,44880
announce-response-to-bytes,,,,,278448083.0,ns,44940
announce-response-to-bytes,,,,,271058379.0,ns,45000
announce-response-to-bytes,,,,,270341134.0,ns,45060
announce-response-to-bytes,,,,,271941098.0,ns,45120
announce-response-to-bytes,,,,,271815395.0,ns,45180
announce-response-to-bytes,,,,,268211292.0,ns,45240
announce-response-to-bytes,,,,,280316141.0,ns,45300
announce-response-to-bytes,,,,,265182951.0,ns,45360
announce-response-to-bytes,,,,,268338938.0,ns,45420
announce-response-to-bytes,,,,,270876463.0,ns,45480
announce-response-to-bytes,,,,,285202148.0,ns,45540
announce-response-to-bytes,,,,,266762413.0,ns,45600
announce-response-to-bytes,,,,,271622358.0,ns,45660
announce-response-to-bytes,,,,,265310603.0,ns,45720
announce-response-to-bytes,,,,,274166866.0,ns,45780
announce-response-to-bytes,,,,,313757030.0,ns,45840
announce-response-to-bytes,,,,,274574971.0,ns,45900
announce-response-to-bytes,,,,,268780323.0,ns,45960
announce-response-to-bytes,,,,,271764853.0,ns,46020
announce-response-to-bytes,,,,,282119789.0,ns,46080
announce-response-to-bytes,,,,,274607714.0,ns,46140
announce-response-to-bytes,,,,,284287820.0,ns,46200
announce-response-to-bytes,,,,,283067666.0,ns,46260
announce-response-to-bytes,,,,,271973616.0,ns,46320
announce-response-to-bytes,,,,,282605002.0,ns,46380
announce-response-to-bytes,,,,,281195193.0,ns,46440
announce-response-to-bytes,,,,,389020687.0,ns,46500
announce-response-to-bytes,,,,,276468678.0,ns,46560
announce-response-to-bytes,,,,,280254077.0,ns,46620
announce-response-to-bytes,,,,,280098407.0,ns,46680
announce-response-to-bytes,,,,,281379735.0,ns,46740
announce-response-to-bytes,,,,,279057770.0,ns,46800
announce-response-to-bytes,,,,,285895701.0,ns,46860
announce-response-to-bytes,,,,,281666100.0,ns,46920
announce-response-to-bytes,,,,,293902911.0,ns,46980
announce-response-to-bytes,,,,,274728510.0,ns,47040
announce-response-to-bytes,,,,,294080003.0,ns,47100
announce-response-to-bytes,,,,,311043667.0,ns,47160
announce-response-to-bytes,,,,,287378910.0,ns,47220
announce-response-to-bytes,,,,,284815344.0,ns,47280
announce-response-to-bytes,,,,,284364077.0,ns,47340
announce-response-to-bytes,,,,,369132577.0,ns,47400
announce-response-to-bytes,,,,,316025584.0,ns,47460
announce-response-to-bytes,,,,,282526026.0,ns,47520
announce-response-to-bytes,,,,,282006868.0,ns,47580
announce-response-to-bytes,,,,,290662945.0,ns,47640
announce-response-to-bytes,,,,,290477456.0,ns,47700
announce-response-to-bytes,,,,,321625408.0,ns,47760
announce-response-to-bytes,,,,,286299630.0,ns,47820
announce-response-to-bytes,,,,,286521324.0,ns,47880
announce-response-to-bytes,,,,,285298188.0,ns,47940
announce-response-to-bytes,,,,,295685881.0,ns,48000
announce-response-to-bytes,,,,,282373721.0,ns,48060
announce-response-to-bytes,,,,,283445682.0,ns,48120
announce-response-to-bytes,,,,,292256298.0,ns,48180
announce-response-to-bytes,,,,,287910020.0,ns,48240
announce-response-to-bytes,,,,,287099650.0,ns,48300
announce-response-to-bytes,,,,,277608413.0,ns,48360
announce-response-to-bytes,,,,,283067738.0,ns,48420
announce-response-to-bytes,,,,,292124363.0,ns,48480
announce-response-to-bytes,,,,,287813791.0,ns,48540
announce-response-to-bytes,,,,,300906508.0,ns,48600
announce-response-to-bytes,,,,,294467741.0,ns,48660
announce-response-to-bytes,,,,,303355005.0,ns,48720
announce-response-to-bytes,,,,,302058116.0,ns,48780
announce-response-to-bytes,,,,,297135753.0,ns,48840
announce-response-to-bytes,,,,,288325717.0,ns,48900
announce-response-to-bytes,,,,,294359601.0,ns,48960
announce-response-to-bytes,,,,,300080962.0,ns,49020
announce-response-to-bytes,,,,,299083670.0,ns,49080
announce-response-to-bytes,,,,,293371873.0,ns,49140
announce-response-to-bytes,,,,,297886245.0,ns,49200
announce-response-to-bytes,,,,,297431233.0,ns,49260
announce-response-to-bytes,,,,,294273354.0,ns,49320
announce-response-to-bytes,,,,,300048156.0,ns,49380
announce-response-to-bytes,,,,,303637931.0,ns,49440
announce-response-to-bytes,,,,,291347663.0,ns,49500
announce-response-to-bytes,,,,,335974384.0,ns,49560
announce-response-to-bytes,,,,,313198315.0,ns,49620
announce-response-to-bytes,,,,,289354179.0,ns,49680
announce-response-to-bytes,,,,,295992362.0,ns,49740
announce-response-to-bytes,,,,,301246860.0,ns,49800
announce-response-to-bytes,,,,,298412796.0,ns,49860
announce-response-to-bytes,,,,,318795742.0,ns,49920
announce-response-to-bytes,,,,,292399688.0,ns,49980
announce-response-to-bytes,,,,,297991406.0,ns,50040
announce-response-to-bytes,,,,,292326321.0,ns,50100
announce-response-to-bytes,,,,,300161270.0,ns,50160
announce-response-to-bytes,,,,,302787839.0,ns,50220
announce-response-to-bytes,,,,,300045666.0,ns,50280
announce-response-to-bytes,,,,,297411178.0,ns,50340
announce-response-to-bytes,,,,,309078520.0,ns,50400
announce-response-to-bytes,,,,,305601268.0,ns,50460
announce-response-to-bytes,,,,,305462857.0,ns,50520
announce-response-to-bytes,,,,,303773871.0,ns,50580
announce-response-to-bytes,,,,,305515363.0,ns,50640
announce-response-to-bytes,,,,,300744123.0,ns,50700
announce-response-to-bytes,,,,,314799052.0,ns,50760
announce-response-to-bytes,,,,,315048857.0,ns,50820
announce-response-to-bytes,,,,,301722542.0,ns,50880
announce-response-to-bytes,,,,,336118081.0,ns,50940
announce-response-to-bytes,,,,,319919675.0,ns,51000
announce-response-to-bytes,,,,,298397020.0,ns,51060
announce-response-to-bytes,,,,,314181714.0,ns,51120
announce-response-to-bytes,,,,,301856990.0,ns,51180
announce-response-to-bytes,,,,,304503364.0,ns,51240
announce-response-to-bytes,,,,,313141862.0,ns,51300
announce-response-to-bytes,,,,,307025724.0,ns,51360
announce-response-to-bytes,,,,,305605998.0,ns,51420
announce-response-to-bytes,,,,,404539381.0,ns,51480
announce-response-to-bytes,,,,,329821145.0,ns,51540
announce-response-to-bytes,,,,,314487816.0,ns,51600
announce-response-to-bytes,,,,,339887265.0,ns,51660
announce-response-to-bytes,,,,,302004941.0,ns,51720
announce-response-to-bytes,,,,,350100426.0,ns,51780
announce-response-to-bytes,,,,,312518724.0,ns,51840
announce-response-to-bytes,,,,,315564580.0,ns,51900
announce-response-to-bytes,,,,,312270489.0,ns,51960
announce-response-to-bytes,,,,,316227393.0,ns,52020
announce-response-to-bytes,,,,,312365033.0,ns,52080
announce-response-to-bytes,,,,,323851542.0,ns,52140
announce-response-to-bytes,,,,,312795001.0,ns,52200
announce-response-to-bytes,,,,,302897028.0,ns,52260
announce-response-to-bytes,,,,,317863494.0,ns,52320
announce-response-to-bytes,,,,,309840434.0,ns,52380
announce-response-to-bytes,,,,,316297260.0,ns,52440
announce-response-to-bytes,,,,,319540709.0,ns,52500
announce-response-to-bytes,,,,,324936975.0,ns,52560
announce-response-to-bytes,,,,,319602399.0,ns,52620
announce-response-to-bytes,,,,,323924176.0,ns,52680
announce-response-to-bytes,,,,,313390828.0,ns,52740
announce-response-to-bytes,,,,,313985662.0,ns,52800
announce-response-to-bytes,,,,,346410163.0,ns,52860
announce-response-to-bytes,,,,,319438353.0,ns,52920
announce-response-to-bytes,,,,,308565021.0,ns,52980
announce-response-to-bytes,,,,,319762707.0,ns,53040
announce-response-to-bytes,,,,,315514943.0,ns,53100
announce-response-to-bytes,,,,,324814748.0,ns,53160
announce-response-to-bytes,,,,,328862605.0,ns,53220
announce-response-to-bytes,,,,,328702242.0,ns,53280
announce-response-to-bytes,,,,,323416999.0,ns,53340
announce-response-to-bytes,,,,,317966329.0,ns,53400
announce-response-to-bytes,,,,,320855466.0,ns,53460
announce-response-to-bytes,,,,,309819185.0,ns,53520
announce-response-to-bytes,,,,,318216724.0,ns,53580
announce-response-to-bytes,,,,,317749317.0,ns,53640
announce-response-to-bytes,,,,,318602549.0,ns,53700
announce-response-to-bytes,,,,,316605063.0,ns,53760
announce-response-to-bytes,,,,,326387161.0,ns,53820
announce-response-to-bytes,,,,,326173317.0,ns,53880
announce-response-to-bytes,,,,,323307159.0,ns,53940
announce-response-to-bytes,,,,,333145375.0,ns,54000
announce-response-to-bytes,,,,,330659004.0,ns,54060
announce-response-to-bytes,,,,,324638549.0,ns,54120
announce-response-to-bytes,,,,,328551004.0,ns,54180
announce-response-to-bytes,,,,,360411674.0,ns,54240
announce-response-to-bytes,,,,,319583115.0,ns,54300
announce-response-to-bytes,,,,,321396844.0,ns,54360
announce-response-to-bytes,,,,,330429552.0,ns,54420
announce-response-to-bytes,,,,,331303520.0,ns,54480
announce-response-to-bytes,,,,,317777174.0,ns,54540
announce-response-to-bytes,,,,,326289354.0,ns,54600
announce-response-to-bytes,,,,,335576412.0,ns,54660
announce-response-to-bytes,,,,,320091788.0,ns,54720
announce-response-to-bytes,,,,,340748962.0,ns,54780
announce-response-to-bytes,,,,,359449182.0,ns,54840
announce-response-to-bytes,,,,,320545100.0,ns,54900
announce-response-to-bytes,,,,,329242866.0,ns,54960
announce-response-to-bytes,,,,,328717540.0,ns,55020
announce-response-to-bytes,,,,,333308638.0,ns,55080
announce-response-to-bytes,,,,,343464315.0,ns,55140
announce-response-to-bytes,,,,,335664459.0,ns,55200
announce-response-to-bytes,,,,,329551347.0,ns,55260
announce-response-to-bytes,,,,,329985484.0,ns,55320
announce-response-to-bytes,,,,,341252255.0,ns,55380
announce-response-to-bytes,,,,,328448472.0,ns,55440
announce-response-to-bytes,,,,,333703763.0,ns,55500
announce-response-to-bytes,,,,,331097817.0,ns,55560
announce-response-to-bytes,,,,,336448484.0,ns,55620
announce-response-to-bytes,,,,,330592394.0,ns,55680
announce-response-to-bytes,,,,,344895917.0,ns,55740
announce-response-to-bytes,,,,,356668019.0,ns,55800
announce-response-to-bytes,,,,,342709971.0,ns,55860
announce-response-to-bytes,,,,,327625100.0,ns,55920
announce-response-to-bytes,,,,,333108689.0,ns,55980
announce-response-to-bytes,,,,,329688400.0,ns,56040
announce-response-to-bytes,,,,,336159556.0,ns,56100
announce-response-to-bytes,,,,,341686482.0,ns,56160
announce-response-to-bytes,,,,,374196060.0,ns,56220
announce-response-to-bytes,,,,,332211028.0,ns,56280
announce-response-to-bytes,,,,,345491228.0,ns,56340
announce-response-to-bytes,,,,,451004770.0,ns,56400
announce-response-to-bytes,,,,,330083009.0,ns,56460
announce-response-to-bytes,,,,,338746057.0,ns,56520
announce-response-to-bytes,,,,,345370663.0,ns,56580
announce-response-to-bytes,,,,,338524240.0,ns,56640
announce-response-to-bytes,,,,,333771257.0,ns,56700
announce-response-to-bytes,,,,,337370438.0,ns,56760
announce-response-to-bytes,,,,,350628815.0,ns,56820
announce-response-to-bytes,,,,,340063883.0,ns,56880
announce-response-to-bytes,,,,,348294684.0,ns,56940
announce-response-to-bytes,,,,,334322147.0,ns,57000
announce-response-to-bytes,,,,,351462743.0,ns,57060
announce-response-to-bytes,,,,,343985641.0,ns,57120
announce-response-to-bytes,,,,,337634287.0,ns,57180
announce-response-to-bytes,,,,,346360827.0,ns,57240
announce-response-to-bytes,,,,,351385487.0,ns,57300
announce-response-to-bytes,,,,,337014112.0,ns,57360
announce-response-to-bytes,,,,,337968758.0,ns,57420
announce-response-to-bytes,,,,,343933497.0,ns,57480
announce-response-to-bytes,,,,,377889962.0,ns,57540
announce-response-to-bytes,,,,,364110101.0,ns,57600
announce-response-to-bytes,,,,,359452951.0,ns,57660
announce-response-to-bytes,,,,,346597895.0,ns,57720
announce-response-to-bytes,,,,,354849417.0,ns,57780
announce-response-to-bytes,,,,,342847496.0,ns,57840
announce-response-to-bytes,,,,,457551549.0,ns,57900
announce-response-to-bytes,,,,,343396183.0,ns,57960
announce-response-to-bytes,,,,,349580716.0,ns,58020
announce-response-to-bytes,,,,,345427379.0,ns,58080
announce-response-to-bytes,,,,,372504256.0,ns,58140
announce-response-to-bytes,,,,,353939468.0,ns,58200
announce-response-to-bytes,,,,,346426932.0,ns,58260
announce-response-to-bytes,,,,,352422324.0,ns,58320
announce-response-to-bytes,,,,,385265078.0,ns,58380
announce-response-to-bytes,,,,,348400466.0,ns,58440
announce-response-to-bytes,,,,,354741369.0,ns,58500
announce-response-to-bytes,,,,,367264389.0,ns,58560
announce-response-to-bytes,,,,,357025872.0,ns,58620
announce-response-to-bytes,,,,,355555903.0,ns,58680
announce-response-to-bytes,,,,,352633987.0,ns,58740
announce-response-to-bytes,,,,,361858537.0,ns,58800
announce-response-to-bytes,,,,,345121713.0,ns,58860
announce-response-to-bytes,,,,,340087431.0,ns,58920
announce-response-to-bytes,,,,,347626178.0,ns,58980
announce-response-to-bytes,,,,,353849107.0,ns,59040
announce-response-to-bytes,,,,,362700723.0,ns,59100
announce-response-to-bytes,,,,,363318834.0,ns,59160
announce-response-to-bytes,,,,,350700411.0,ns,59220
announce-response-to-bytes,,,,,352156126.0,ns,59280
announce-response-to-bytes,,,,,367802511.0,ns,59340
announce-response-to-bytes,,,,,363201106.0,ns,59400
announce-response-to-bytes,,,,,357230944.0,ns,59460
announce-response-to-bytes,,,,,359225756.0,ns,59520
announce-response-to-bytes,,,,,350581831.0,ns,59580
announce-response-to-bytes,,,,,359627543.0,ns,59640
announce-response-to-bytes,,,,,357452853.0,ns,59700
announce-response-to-bytes,,,,,348215503.0,ns,59760
announce-response-to-bytes,,,,,354936586.0,ns,59820
announce-response-to-bytes,,,,,352906566.0,ns,59880
announce-response-to-bytes,,,,,372134842.0,ns,59940
announce-response-to-bytes,,,,,362584548.0,ns,60000
